{"Mean":{"confidence_interval":{"confidence_level":0.95,"lower_bound":19.307677284399816,"upper_bound":19.314831430746068},"point_estimate":19.31121003855675,"standard_error":0.001824004444698451},"Median":{"confidence_interval":{"confidence_level":0.95,"lower_bound":19.303453053172134,"upper_bound":19.310509678426474},"point_estimate":19.30717653782463,"standard_error":0.0016728380017657191},"MedianAbsDev":{"confidence_interval":{"confidence_level":0.95,"lower_bound":0.009498105522415036,"upper_bound":0.017889113767220827},"point_estimate":0.012721688797749554,"standard_error":0.0020495927703162286},"Slope":{"confidence_interval":{"confidence_level":0.95,"lower_bound":19.311488652343105,"upper_bound":19.32182940516118},"point_estimate":19.31669666400473,"standard_error":0.0026353381613433056},"StdDev":{"confidence_interval":{"confidence_level":0.95,"lower_bound":0.015302145789753798,"upper_bound":0.02097098071630052},"point_estimate":0.018320203898892242,"standard_error":0.0014410934578763268}}