{"Mean":{"confidence_interval":{"confidence_level":0.95,"lower_bound":-0.024622677119063616,"upper_bound":-0.02288484549020716},"point_estimate":-0.023696974778138702,"standard_error":0.00044643373931760506},"Median":{"confidence_interval":{"confidence_level":0.95,"lower_bound":-0.02387383729715875,"upper_bound":-0.02274953319851636},"point_estimate":-0.023286398120122787,"standard_error":0.00027689539534658477}}