{"Mean":{"confidence_interval":{"confidence_level":0.95,"lower_bound":0.04302464524653468,"upper_bound":0.0466377514969317},"point_estimate":0.04502843337391549,"standard_error":0.0009130353652309576},"Median":{"confidence_interval":{"confidence_level":0.95,"lower_bound":0.04493391740254227,"upper_bound":0.04619591103244303},"point_estimate":0.04551014427716393,"standard_error":0.0003038966157929283}}