{"Mean":{"confidence_interval":{"confidence_level":0.95,"lower_bound":0.0006570213758139822,"upper_bound":0.01711439072210399},"point_estimate":0.00848663780375536,"standard_error":0.004381643883949389},"Median":{"confidence_interval":{"confidence_level":0.95,"lower_bound":0.00015684517558955946,"upper_bound":0.0010005400253576546},"point_estimate":0.0004432208113180902,"standard_error":0.00022760643462112334}}