{"Mean":{"confidence_interval":{"confidence_level":0.95,"lower_bound":0.003923944750951741,"upper_bound":0.0064689376874524085},"point_estimate":0.005234400652491367,"standard_error":0.0006603994622862609},"Median":{"confidence_interval":{"confidence_level":0.95,"lower_bound":0.0031825353618224472,"upper_bound":0.003763022815164163},"point_estimate":0.003545837762503279,"standard_error":0.00014283278948840208}}