{"Mean":{"confidence_interval":{"confidence_level":0.95,"lower_bound":-0.027979647546597444,"upper_bound":-0.01792277021039584},"point_estimate":-0.022360240318459956,"standard_error":0.0025953417188566887},"Median":{"confidence_interval":{"confidence_level":0.95,"lower_bound":-0.018379496235254384,"upper_bound":-0.01743212849892617},"point_estimate":-0.017815298783770306,"standard_error":0.0002525030577339745}}