{"Mean":{"confidence_interval":{"confidence_level":0.95,"lower_bound":0.012704282051552135,"upper_bound":0.03727173068608368},"point_estimate":0.023948032296066346,"standard_error":0.006673879764731711},"Median":{"confidence_interval":{"confidence_level":0.95,"lower_bound":-0.0010875229196150027,"upper_bound":-0.0005026575469456729},"point_estimate":-0.0008367133132114457,"standard_error":0.00014052125778345951}}