{"Mean":{"confidence_interval":{"confidence_level":0.95,"lower_bound":28.321107084343428,"upper_bound":28.333336235206914},"point_estimate":28.327203027630112,"standard_error":0.0031109477085802173},"Median":{"confidence_interval":{"confidence_level":0.95,"lower_bound":28.31791080197481,"upper_bound":28.333918836280365},"point_estimate":28.325956199273726,"standard_error":0.004210548679987633},"MedianAbsDev":{"confidence_interval":{"confidence_level":0.95,"lower_bound":0.022803619692964905,"upper_bound":0.03595233268663306},"point_estimate":0.02923285377343783,"standard_error":0.003293722076272413},"Slope":{"confidence_interval":{"confidence_level":0.95,"lower_bound":28.31774184633155,"upper_bound":28.32917896825123},"point_estimate":28.323274064107192,"standard_error":0.002912741436358327},"StdDev":{"confidence_interval":{"confidence_level":0.95,"lower_bound":0.02643355498910281,"upper_bound":0.035845249812813666},"point_estimate":0.03142210836553275,"standard_error":0.002402013911736668}}