{"Mean":{"confidence_interval":{"confidence_level":0.95,"lower_bound":24.317831711380528,"upper_bound":24.34626617883367},"point_estimate":24.331734331920558,"standard_error":0.007294199931864069},"Median":{"confidence_interval":{"confidence_level":0.95,"lower_bound":24.30307295331926,"upper_bound":24.338470703672556},"point_estimate":24.31425212718316,"standard_error":0.010691799695949857},"MedianAbsDev":{"confidence_interval":{"confidence_level":0.95,"lower_bound":0.04469333949237775,"upper_bound":0.08142145884706187},"point_estimate":0.055355478590507275,"standard_error":0.009655500260996567},"Slope":{"confidence_interval":{"confidence_level":0.95,"lower_bound":24.296350537784406,"upper_bound":24.330429923537057},"point_estimate":24.3117874704903,"standard_error":0.008705281027413766},"StdDev":{"confidence_interval":{"confidence_level":0.95,"lower_bound":0.06044374162324526,"upper_bound":0.0848229019254764},"point_estimate":0.07337515515380276,"standard_error":0.006233869082749896}}