{"Mean":{"confidence_interval":{"confidence_level":0.95,"lower_bound":29.298260801317404,"upper_bound":29.34288389648226},"point_estimate":29.314239946473617,"standard_error":0.01316784913871958},"Median":{"confidence_interval":{"confidence_level":0.95,"lower_bound":29.29649164615183,"upper_bound":29.30561842693287},"point_estimate":29.300190266086414,"standard_error":0.0024342667654763134},"MedianAbsDev":{"confidence_interval":{"confidence_level":0.95,"lower_bound":0.012830195368072972,"upper_bound":0.021079107061063945},"point_estimate":0.01696425754233473,"standard_error":0.0020803636014078814},"Slope":{"confidence_interval":{"confidence_level":0.95,"lower_bound":29.29454477969615,"upper_bound":29.38382004942226},"point_estimate":29.323875461184233,"standard_error":0.025919350088201624},"StdDev":{"confidence_interval":{"confidence_level":0.95,"lower_bound":0.01696587873748831,"upper_bound":0.2251774001558463},"point_estimate":0.13208528196615044,"standard_error":0.07376897600335401}}