{"Mean":{"confidence_interval":{"confidence_level":0.95,"lower_bound":3126602.3907140093,"upper_bound":3209993.9742314112},"point_estimate":3164997.77522309,"standard_error":21358.124054901975},"Median":{"confidence_interval":{"confidence_level":0.95,"lower_bound":3085026.193214491,"upper_bound":3085932.551020408},"point_estimate":3085408.543417367,"standard_error":248.81484171961657},"MedianAbsDev":{"confidence_interval":{"confidence_level":0.95,"lower_bound":1114.484635951641,"upper_bound":2647.8710129321003},"point_estimate":1579.4358713027561,"standard_error":383.4498360923953},"Slope":{"confidence_interval":{"confidence_level":0.95,"lower_bound":3171067.5835332917,"upper_bound":3320570.548537615},"point_estimate":3241051.625535688,"standard_error":38209.52143865053},"StdDev":{"confidence_interval":{"confidence_level":0.95,"lower_bound":130889.58115128752,"upper_bound":287668.3216047165},"point_estimate":215716.50989115017,"standard_error":40099.6114491339}}