{"Mean":{"confidence_interval":{"confidence_level":0.95,"lower_bound":19.29850729474984,"upper_bound":19.306339051747194},"point_estimate":19.302088429197777,"standard_error":0.0020038432840270323},"Median":{"confidence_interval":{"confidence_level":0.95,"lower_bound":19.297927915635174,"upper_bound":19.302181480306665},"point_estimate":19.299779128519226,"standard_error":0.0010155604524623412},"MedianAbsDev":{"confidence_interval":{"confidence_level":0.95,"lower_bound":0.006150842357407336,"upper_bound":0.012849315643326814},"point_estimate":0.009124204220355642,"standard_error":0.0018189137480894104},"Slope":{"confidence_interval":{"confidence_level":0.95,"lower_bound":19.299671435442207,"upper_bound":19.30287453208951},"point_estimate":19.30130499741776,"standard_error":0.0008146688089156158},"StdDev":{"confidence_interval":{"confidence_level":0.95,"lower_bound":0.011236514883970683,"upper_bound":0.02885260860777239},"point_estimate":0.02012736552358692,"standard_error":0.004703587499806127}}