{"Mean":{"confidence_interval":{"confidence_level":0.95,"lower_bound":72.10284104560316,"upper_bound":72.210389182555},"point_estimate":72.15535657310843,"standard_error":0.027481028405444502},"Median":{"confidence_interval":{"confidence_level":0.95,"lower_bound":71.9881773065262,"upper_bound":72.07574654042243},"point_estimate":72.01405730300154,"standard_error":0.020685252157607536},"MedianAbsDev":{"confidence_interval":{"confidence_level":0.95,"lower_bound":0.07918798965076213,"upper_bound":0.20641792801219705},"point_estimate":0.124712625546824,"standard_error":0.03308311853682498},"Slope":{"confidence_interval":{"confidence_level":0.95,"lower_bound":72.0918350875847,"upper_bound":72.21492720517932},"point_estimate":72.14915393681969,"standard_error":0.03144196984240911},"StdDev":{"confidence_interval":{"confidence_level":0.95,"lower_bound":0.23655826037887281,"upper_bound":0.31149659541118646},"point_estimate":0.27648172236023416,"standard_error":0.019081575790816353}}