{"Mean":{"confidence_interval":{"confidence_level":0.95,"lower_bound":19.310329479774694,"upper_bound":19.32627604156708},"point_estimate":19.317717290156473,"standard_error":0.0040615080707828285},"Median":{"confidence_interval":{"confidence_level":0.95,"lower_bound":19.30338265456291,"upper_bound":19.31034586502359},"point_estimate":19.306759143070828,"standard_error":0.001979079434488332},"MedianAbsDev":{"confidence_interval":{"confidence_level":0.95,"lower_bound":0.010672487639844004,"upper_bound":0.020363327977041736},"point_estimate":0.014869570225055867,"standard_error":0.002476869891045254},"Slope":{"confidence_interval":{"confidence_level":0.95,"lower_bound":19.314304035807847,"upper_bound":19.341412037083835},"point_estimate":19.32678982317375,"standard_error":0.006981211881936216},"StdDev":{"confidence_interval":{"confidence_level":0.95,"lower_bound":0.026061418870122546,"upper_bound":0.05310378287356028},"point_estimate":0.040839824232376094,"standard_error":0.006912120019287582}}