{"Mean":{"confidence_interval":{"confidence_level":0.95,"lower_bound":19.302545093338278,"upper_bound":19.329802620387586},"point_estimate":19.31396256654095,"standard_error":0.007145449400530276},"Median":{"confidence_interval":{"confidence_level":0.95,"lower_bound":19.299041402601873,"upper_bound":19.30468475335991},"point_estimate":19.30152112272176,"standard_error":0.0014013476679656674},"MedianAbsDev":{"confidence_interval":{"confidence_level":0.95,"lower_bound":0.008241397423340437,"upper_bound":0.014620357099814598},"point_estimate":0.010535855773840563,"standard_error":0.0016773350194214383},"Slope":{"confidence_interval":{"confidence_level":0.95,"lower_bound":19.30424857302785,"upper_bound":19.326286022888883},"point_estimate":19.313494767080776,"standard_error":0.005684542498052548},"StdDev":{"confidence_interval":{"confidence_level":0.95,"lower_bound":0.0152244438321134,"upper_bound":0.1100221725003619},"point_estimate":0.07146388846192683,"standard_error":0.02546586521374889}}