{"Mean":{"confidence_interval":{"confidence_level":0.95,"lower_bound":29.7361137345268,"upper_bound":29.743270131856537},"point_estimate":29.73953229992773,"standard_error":0.001826813414396853},"Median":{"confidence_interval":{"confidence_level":0.95,"lower_bound":29.731355829834975,"upper_bound":29.73720414504935},"point_estimate":29.734077261285737,"standard_error":0.001282598788916223},"MedianAbsDev":{"confidence_interval":{"confidence_level":0.95,"lower_bound":0.007741050765402545,"upper_bound":0.014022579453988531},"point_estimate":0.010799574142963213,"standard_error":0.0015124509091986463},"Slope":{"confidence_interval":{"confidence_level":0.95,"lower_bound":29.735851806335354,"upper_bound":29.74449856467304},"point_estimate":29.739838944440308,"standard_error":0.0022089638570488854},"StdDev":{"confidence_interval":{"confidence_level":0.95,"lower_bound":0.013866298818835072,"upper_bound":0.022485101719261047},"point_estimate":0.018431512258336783,"standard_error":0.0022041632048165234}}