{"Mean":{"confidence_interval":{"confidence_level":0.95,"lower_bound":29.85850265853916,"upper_bound":29.86835764736366},"point_estimate":29.86324406196223,"standard_error":0.002524410111818477},"Median":{"confidence_interval":{"confidence_level":0.95,"lower_bound":29.855824732498235,"upper_bound":29.86553927996777},"point_estimate":29.860286916902595,"standard_error":0.0022235193175027166},"MedianAbsDev":{"confidence_interval":{"confidence_level":0.95,"lower_bound":0.013610110405750352,"upper_bound":0.02143565802174541},"point_estimate":0.016974254156089497,"standard_error":0.001997816321543353},"Slope":{"confidence_interval":{"confidence_level":0.95,"lower_bound":29.8623332634625,"upper_bound":29.87087609732949},"point_estimate":29.86667995301754,"standard_error":0.002173662844833241},"StdDev":{"confidence_interval":{"confidence_level":0.95,"lower_bound":0.01850286661029583,"upper_bound":0.03144805376909782},"point_estimate":0.025345212069382533,"standard_error":0.0033171416290606647}}