{"Mean":{"confidence_interval":{"confidence_level":0.95,"lower_bound":3060124.7839446208,"upper_bound":3061561.7556773},"point_estimate":3060902.840734112,"standard_error":368.4397168072129},"Median":{"confidence_interval":{"confidence_level":0.95,"lower_bound":3060866.1926308987,"upper_bound":3061719.512195122},"point_estimate":3061210.4831697927,"standard_error":241.10032315358836},"MedianAbsDev":{"confidence_interval":{"confidence_level":0.95,"lower_bound":1364.661056477211,"upper_bound":2380.3002576199033},"point_estimate":1952.5572939403482,"standard_error":255.77085795907254},"Slope":{"confidence_interval":{"confidence_level":0.95,"lower_bound":3060728.593063393,"upper_bound":3061510.7737200665},"point_estimate":3061130.1799911335,"standard_error":199.86757557115405},"StdDev":{"confidence_interval":{"confidence_level":0.95,"lower_bound":2150.85139671149,"upper_bound":5337.841976442276},"point_estimate":3710.196677363336,"standard_error":892.5909287130493}}