{"Mean":{"confidence_interval":{"confidence_level":0.95,"lower_bound":46.843313562347895,"upper_bound":46.87319032927318},"point_estimate":46.855280142427574,"standard_error":0.007844995165000548},"Median":{"confidence_interval":{"confidence_level":0.95,"lower_bound":46.83405421571122,"upper_bound":46.83853389132261},"point_estimate":46.83622525146228,"standard_error":0.0012005186368619916},"MedianAbsDev":{"confidence_interval":{"confidence_level":0.95,"lower_bound":0.004537180127662117,"upper_bound":0.01082240069207402},"point_estimate":0.0076945323019755795,"standard_error":0.0016809631879942104},"Slope":{"confidence_interval":{"confidence_level":0.95,"lower_bound":46.841873867032554,"upper_bound":46.872153466289234},"point_estimate":46.85428594891734,"standard_error":0.007863574559769005},"StdDev":{"confidence_interval":{"confidence_level":0.95,"lower_bound":0.02295819428092339,"upper_bound":0.12769754010710765},"point_estimate":0.07870310009069574,"standard_error":0.03244698680630068}}