{"Mean":{"confidence_interval":{"confidence_level":0.95,"lower_bound":17.331830094459985,"upper_bound":17.384271192639797},"point_estimate":17.35402012700133,"standard_error":0.013593443686122359},"Median":{"confidence_interval":{"confidence_level":0.95,"lower_bound":17.32217703610215,"upper_bound":17.32559702441157},"point_estimate":17.323474700635714,"standard_error":0.0008468030649520537},"MedianAbsDev":{"confidence_interval":{"confidence_level":0.95,"lower_bound":0.005837632912213583,"upper_bound":0.010277868893270412},"point_estimate":0.007814675958096231,"standard_error":0.0011965227189037165},"Slope":{"confidence_interval":{"confidence_level":0.95,"lower_bound":17.32922133553126,"upper_bound":17.3835564215133},"point_estimate":17.35035715220471,"standard_error":0.01453526183193802},"StdDev":{"confidence_interval":{"confidence_level":0.95,"lower_bound":0.03113534846501442,"upper_bound":0.2151015612404564},"point_estimate":0.13685915301917873,"standard_error":0.04667578257629416}}