{"Mean":{"confidence_interval":{"confidence_level":0.95,"lower_bound":17.456227403466134,"upper_bound":17.473880762136687},"point_estimate":17.464419680810742,"standard_error":0.004509661344544071},"Median":{"confidence_interval":{"confidence_level":0.95,"lower_bound":17.44603230957779,"upper_bound":17.456033917167037},"point_estimate":17.451238564915077,"standard_error":0.002825310035328248},"MedianAbsDev":{"confidence_interval":{"confidence_level":0.95,"lower_bound":0.012236178544117815,"upper_bound":0.022959577101918704},"point_estimate":0.015976361170803935,"standard_error":0.0026786467088626654},"Slope":{"confidence_interval":{"confidence_level":0.95,"lower_bound":17.46447024753328,"upper_bound":17.49796817971296},"point_estimate":17.480213656974186,"standard_error":0.008583744904749514},"StdDev":{"confidence_interval":{"confidence_level":0.95,"lower_bound":0.029746110503752636,"upper_bound":0.06018712489844499},"point_estimate":0.045381186982377225,"standard_error":0.007886369449120982}}