{"Mean":{"confidence_interval":{"confidence_level":0.95,"lower_bound":17.320325991229268,"upper_bound":17.328703927713892},"point_estimate":17.323643901839663,"standard_error":0.002211266048820407},"Median":{"confidence_interval":{"confidence_level":0.95,"lower_bound":17.318963556519762,"upper_bound":17.321296312495992},"point_estimate":17.32051252346229,"standard_error":0.0005672104941473682},"MedianAbsDev":{"confidence_interval":{"confidence_level":0.95,"lower_bound":0.0037844452056836043,"upper_bound":0.007089704688503666},"point_estimate":0.005354474870958099,"standard_error":0.0008149335136702019},"Slope":{"confidence_interval":{"confidence_level":0.95,"lower_bound":17.320579714271013,"upper_bound":17.32556480591652},"point_estimate":17.322739182566576,"standard_error":0.0012803991114734327},"StdDev":{"confidence_interval":{"confidence_level":0.95,"lower_bound":0.00599927040658141,"upper_bound":0.03649429681699018},"point_estimate":0.022225428033574857,"standard_error":0.009588848303568376}}