{"Mean":{"confidence_interval":{"confidence_level":0.95,"lower_bound":17.323897303626318,"upper_bound":17.327212736765908},"point_estimate":17.325534801223956,"standard_error":0.00084515750454265},"Median":{"confidence_interval":{"confidence_level":0.95,"lower_bound":17.32162830127809,"upper_bound":17.326427231775078},"point_estimate":17.32460352070551,"standard_error":0.0012310344176356938},"MedianAbsDev":{"confidence_interval":{"confidence_level":0.95,"lower_bound":0.0066116715866816065,"upper_bound":0.010891508083556522},"point_estimate":0.008813075558400826,"standard_error":0.0010563953755372486},"Slope":{"confidence_interval":{"confidence_level":0.95,"lower_bound":17.323143395950375,"upper_bound":17.326594673767236},"point_estimate":17.324771978225577,"standard_error":0.0008805236439428355},"StdDev":{"confidence_interval":{"confidence_level":0.95,"lower_bound":0.007383916153146644,"upper_bound":0.00948867580799648},"point_estimate":0.008497034956347847,"standard_error":0.00053723660151749}}