{"Mean":{"confidence_interval":{"confidence_level":0.95,"lower_bound":21.06112236833129,"upper_bound":21.070271924437},"point_estimate":21.065522283868564,"standard_error":0.0023295923607609048},"Median":{"confidence_interval":{"confidence_level":0.95,"lower_bound":21.059846513463754,"upper_bound":21.068686052200547},"point_estimate":21.064706989581715,"standard_error":0.00215207336227728},"MedianAbsDev":{"confidence_interval":{"confidence_level":0.95,"lower_bound":0.012095260844173275,"upper_bound":0.01936958182666298},"point_estimate":0.015873332242367928,"standard_error":0.001884751376172137},"Slope":{"confidence_interval":{"confidence_level":0.95,"lower_bound":21.062202413147613,"upper_bound":21.069451313259833},"point_estimate":21.065759439786262,"standard_error":0.001850928806682357},"StdDev":{"confidence_interval":{"confidence_level":0.95,"lower_bound":0.016770024561688364,"upper_bound":0.02996670252369776},"point_estimate":0.02343672724461433,"standard_error":0.0034233525300870846}}