{"Mean":{"confidence_interval":{"confidence_level":0.95,"lower_bound":21.052391332880788,"upper_bound":21.066374161089485},"point_estimate":21.058978266488566,"standard_error":0.003577081501225422},"Median":{"confidence_interval":{"confidence_level":0.95,"lower_bound":21.04802490924483,"upper_bound":21.058813600861345},"point_estimate":21.052293408522,"standard_error":0.002770183742524628},"MedianAbsDev":{"confidence_interval":{"confidence_level":0.95,"lower_bound":0.015461888118582703,"upper_bound":0.026647122595589365},"point_estimate":0.02034722950803536,"standard_error":0.002785459015935599},"Slope":{"confidence_interval":{"confidence_level":0.95,"lower_bound":21.047974677264428,"upper_bound":21.064550918224775},"point_estimate":21.0549941367016,"standard_error":0.004289781264975138},"StdDev":{"confidence_interval":{"confidence_level":0.95,"lower_bound":0.023654475772316923,"upper_bound":0.04924218212125885},"point_estimate":0.03592974954737046,"standard_error":0.006883729120247418}}