{"Mean":{"confidence_interval":{"confidence_level":0.95,"lower_bound":-0.0066655194784060985,"upper_bound":-0.0021577904342566395},"point_estimate":-0.004225317889742342,"standard_error":0.0011598604903774708},"Median":{"confidence_interval":{"confidence_level":0.95,"lower_bound":-0.001082325852095829,"upper_bound":-0.00017840906794475142},"point_estimate":-0.0005541564832267643,"standard_error":0.00025214965973899414}}