{"Mean":{"confidence_interval":{"confidence_level":0.95,"lower_bound":-0.02769174522190737,"upper_bound":-0.026278690270554565},"point_estimate":-0.026884985551177243,"standard_error":0.00036258364735222145},"Median":{"confidence_interval":{"confidence_level":0.95,"lower_bound":-0.026957170125507246,"upper_bound":-0.02621856732555028},"point_estimate":-0.02661969816003007,"standard_error":0.00018761906364503234}}