{"Mean":{"confidence_interval":{"confidence_level":0.95,"lower_bound":0.05393157023168326,"upper_bound":0.054516622243637965},"point_estimate":0.05422494528788735,"standard_error":0.0001488261718036197},"Median":{"confidence_interval":{"confidence_level":0.95,"lower_bound":0.05382977054946614,"upper_bound":0.05450624711811658},"point_estimate":0.05416695227637924,"standard_error":0.000177715569002324}}