{"Mean":{"confidence_interval":{"confidence_level":0.95,"lower_bound":21.917515833400376,"upper_bound":21.923351953182262},"point_estimate":21.920290692695126,"standard_error":0.0014944964715592488},"Median":{"confidence_interval":{"confidence_level":0.95,"lower_bound":21.914879830666802,"upper_bound":21.91778555736935},"point_estimate":21.916437954225028,"standard_error":0.000818727529666358},"MedianAbsDev":{"confidence_interval":{"confidence_level":0.95,"lower_bound":0.005034426602384072,"upper_bound":0.010158566447611274},"point_estimate":0.006551184933686537,"standard_error":0.0012718462308291985},"Slope":{"confidence_interval":{"confidence_level":0.95,"lower_bound":21.917081968892766,"upper_bound":21.922784206659156},"point_estimate":21.9197407858312,"standard_error":0.00145622073935154},"StdDev":{"confidence_interval":{"confidence_level":0.95,"lower_bound":0.01059835466980226,"upper_bound":0.018914535918968297},"point_estimate":0.015008346332863985,"standard_error":0.0021282215085543068}}