{"Mean":{"confidence_interval":{"confidence_level":0.95,"lower_bound":74.18130938376616,"upper_bound":74.30877346760363},"point_estimate":74.2386918021912,"standard_error":0.03263342133959586},"Median":{"confidence_interval":{"confidence_level":0.95,"lower_bound":74.16553543147691,"upper_bound":74.24883570573786},"point_estimate":74.20336334083521,"standard_error":0.019987731596293863},"MedianAbsDev":{"confidence_interval":{"confidence_level":0.95,"lower_bound":0.10680062782864902,"upper_bound":0.19856123676010073},"point_estimate":0.1441618648305354,"standard_error":0.02366610914896227},"Slope":{"confidence_interval":{"confidence_level":0.95,"lower_bound":74.17148733748661,"upper_bound":74.22145186934532},"point_estimate":74.19641419886521,"standard_error":0.012717489990961292},"StdDev":{"confidence_interval":{"confidence_level":0.95,"lower_bound":0.16555427378763266,"upper_bound":0.4726538270231555},"point_estimate":0.32745960619328673,"standard_error":0.08124792679460119}}