{"Mean":{"confidence_interval":{"confidence_level":0.95,"lower_bound":72.52843961038954,"upper_bound":73.74887372016224},"point_estimate":73.04448011219125,"standard_error":0.3158490272642449},"Median":{"confidence_interval":{"confidence_level":0.95,"lower_bound":72.33217128401309,"upper_bound":72.38658545965305},"point_estimate":72.35022767701548,"standard_error":0.015322593494481371},"MedianAbsDev":{"confidence_interval":{"confidence_level":0.95,"lower_bound":0.0720946791406793,"upper_bound":0.14821773322517567},"point_estimate":0.09973443052754506,"standard_error":0.0202485950151324},"Slope":{"confidence_interval":{"confidence_level":0.95,"lower_bound":72.41664568586727,"upper_bound":72.86994888953562},"point_estimate":72.60503051582477,"standard_error":0.11658351353003342},"StdDev":{"confidence_interval":{"confidence_level":0.95,"lower_bound":0.6659300916331761,"upper_bound":4.9057673439692895},"point_estimate":3.1693180850123857,"standard_error":1.082813457858881}}