{"Mean":{"confidence_interval":{"confidence_level":0.95,"lower_bound":72.46190180923365,"upper_bound":72.49745698121544},"point_estimate":72.47945939499266,"standard_error":0.009071772278465966},"Median":{"confidence_interval":{"confidence_level":0.95,"lower_bound":72.46140488837077,"upper_bound":72.48861879891314},"point_estimate":72.4754342802284,"standard_error":0.006302702504475386},"MedianAbsDev":{"confidence_interval":{"confidence_level":0.95,"lower_bound":0.04746152169796319,"upper_bound":0.0806699713167577},"point_estimate":0.06420338306199254,"standard_error":0.00830444770625042},"Slope":{"confidence_interval":{"confidence_level":0.95,"lower_bound":72.46866740069986,"upper_bound":72.4924705004937},"point_estimate":72.48068701782788,"standard_error":0.006090219719158706},"StdDev":{"confidence_interval":{"confidence_level":0.95,"lower_bound":0.06631142169817206,"upper_bound":0.11598020115130872},"point_estimate":0.09105222177957191,"standard_error":0.012861869276129402}}