{"Mean":{"confidence_interval":{"confidence_level":0.95,"lower_bound":-0.00035435165140971776,"upper_bound":0.0002020698651266139},"point_estimate":-0.00009125204540638698,"standard_error":0.0001402563563147436},"Median":{"confidence_interval":{"confidence_level":0.95,"lower_bound":-0.00023272427651410688,"upper_bound":0.00007969954963304993},"point_estimate":-0.00006802038385034237,"standard_error":0.00007818626891888036}}