{"Mean":{"confidence_interval":{"confidence_level":0.95,"lower_bound":-0.006927130394903264,"upper_bound":-0.005231475199865293},"point_estimate":-0.006212950321880295,"standard_error":0.0004406915956197942},"Median":{"confidence_interval":{"confidence_level":0.95,"lower_bound":-0.008359457616200605,"upper_bound":-0.006775301151132673},"point_estimate":-0.007988313895162302,"standard_error":0.0003962464553534291}}