{"Mean":{"confidence_interval":{"confidence_level":0.95,"lower_bound":-0.000021462402103356033,"upper_bound":0.0014052850151386853},"point_estimate":0.0006151737096600218,"standard_error":0.00036754737619987965},"Median":{"confidence_interval":{"confidence_level":0.95,"lower_bound":-0.00008267135187617323,"upper_bound":0.00027433929230658016},"point_estimate":0.00009025979991439392,"standard_error":0.00008992471535448214}}