{"Mean":{"confidence_interval":{"confidence_level":0.95,"lower_bound":-0.0007126774598100043,"upper_bound":0.0009332369452019539},"point_estimate":0.00019440462321429486,"standard_error":0.0004226945107910521},"Median":{"confidence_interval":{"confidence_level":0.95,"lower_bound":0.000029850824712740476,"upper_bound":0.0005104219896336915},"point_estimate":0.00027137862947501645,"standard_error":0.00012425543223844212}}