{"Mean":{"confidence_interval":{"confidence_level":0.95,"lower_bound":-0.0008084572220561663,"upper_bound":0.00009558876417698454},"point_estimate":-0.00033685406520767014,"standard_error":0.00023127706189162502},"Median":{"confidence_interval":{"confidence_level":0.95,"lower_bound":-0.0002565323955982987,"upper_bound":0.0002765876127832634},"point_estimate":0.000021619099855652024,"standard_error":0.00013610029027825074}}