{"Mean":{"confidence_interval":{"confidence_level":0.95,"lower_bound":-0.0054842025858092055,"upper_bound":-0.0005330981418410387},"point_estimate":-0.0028431477587181897,"standard_error":0.001265163078419578},"Median":{"confidence_interval":{"confidence_level":0.95,"lower_bound":-0.0013077172648890967,"upper_bound":0.0008974369777690061},"point_estimate":-0.00031284785770735457,"standard_error":0.0005787287092494601}}