{"Mean":{"confidence_interval":{"confidence_level":0.95,"lower_bound":-0.003091467393438446,"upper_bound":-0.001584572090931522},"point_estimate":-0.0023395764246335604,"standard_error":0.00038297668723013693},"Median":{"confidence_interval":{"confidence_level":0.95,"lower_bound":-0.0029564296777712107,"upper_bound":-0.0010005867417526293},"point_estimate":-0.0017315935397973492,"standard_error":0.000533076539501463}}