{"Mean":{"confidence_interval":{"confidence_level":0.95,"lower_bound":-0.003809582221883204,"upper_bound":-0.002217896937332048},"point_estimate":-0.003189496682530435,"standard_error":0.0004397558565208166},"Median":{"confidence_interval":{"confidence_level":0.95,"lower_bound":-0.0037894669397975367,"upper_bound":-0.0032735100077661006},"point_estimate":-0.003514038299444522,"standard_error":0.000131406017316089}}