{"Mean":{"confidence_interval":{"confidence_level":0.95,"lower_bound":-0.17380783982485948,"upper_bound":-0.17322499057413646},"point_estimate":-0.17351379154201818,"standard_error":0.00014913802642247976},"Median":{"confidence_interval":{"confidence_level":0.95,"lower_bound":-0.17370183777449721,"upper_bound":-0.1732728447813738},"point_estimate":-0.17356190818003747,"standard_error":0.0001023649747854338}}