{"Mean":{"confidence_interval":{"confidence_level":0.95,"lower_bound":0.004095060480456647,"upper_bound":0.009177738621974163},"point_estimate":0.006351582681603185,"standard_error":0.001304277124820023},"Median":{"confidence_interval":{"confidence_level":0.95,"lower_bound":0.0025385159480263765,"upper_bound":0.0042009716697701815},"point_estimate":0.0032811831001025027,"standard_error":0.0004141583756646558}}