{"Mean":{"confidence_interval":{"confidence_level":0.95,"lower_bound":24.23958632628068,"upper_bound":24.25485956071831},"point_estimate":24.247102815640204,"standard_error":0.003888790757764998},"Median":{"confidence_interval":{"confidence_level":0.95,"lower_bound":24.238994311987014,"upper_bound":24.250728176850718},"point_estimate":24.24231768624602,"standard_error":0.0027453572895898342},"MedianAbsDev":{"confidence_interval":{"confidence_level":0.95,"lower_bound":0.02055414236609341,"upper_bound":0.033326222234497396},"point_estimate":0.02807055043823486,"standard_error":0.003173917336276111},"Slope":{"confidence_interval":{"confidence_level":0.95,"lower_bound":24.237052514072186,"upper_bound":24.245572322312004},"point_estimate":24.241295270174145,"standard_error":0.0021714177496946715},"StdDev":{"confidence_interval":{"confidence_level":0.95,"lower_bound":0.030602449347564384,"upper_bound":0.046997582148150883},"point_estimate":0.039214683960351014,"standard_error":0.004180379765864193}}