{"Mean":{"confidence_interval":{"confidence_level":0.95,"lower_bound":24.347380492701962,"upper_bound":24.464618958390826},"point_estimate":24.401110293963075,"standard_error":0.030138711500103377},"Median":{"confidence_interval":{"confidence_level":0.95,"lower_bound":24.305755138864548,"upper_bound":24.344144366341926},"point_estimate":24.321861169345446,"standard_error":0.009049059854869508},"MedianAbsDev":{"confidence_interval":{"confidence_level":0.95,"lower_bound":0.054405041027880685,"upper_bound":0.08973697061632468},"point_estimate":0.07125805911960664,"standard_error":0.008832986697881563},"Slope":{"confidence_interval":{"confidence_level":0.95,"lower_bound":24.332114200657937,"upper_bound":24.42512605211031},"point_estimate":24.373000686687185,"standard_error":0.023816931007899438},"StdDev":{"confidence_interval":{"confidence_level":0.95,"lower_bound":0.17439290300945373,"upper_bound":0.4171904595992256},"point_estimate":0.3028912013701101,"standard_error":0.06266063289164261}}