{"Mean":{"confidence_interval":{"confidence_level":0.95,"lower_bound":24.263559918904217,"upper_bound":24.286697618753863},"point_estimate":24.27480837990715,"standard_error":0.005889727519794969},"Median":{"confidence_interval":{"confidence_level":0.95,"lower_bound":24.257746848739497,"upper_bound":24.28278945417921},"point_estimate":24.272149725274726,"standard_error":0.007127976005942289},"MedianAbsDev":{"confidence_interval":{"confidence_level":0.95,"lower_bound":0.03801743757448437,"upper_bound":0.05935249181922497},"point_estimate":0.04913232143165034,"standard_error":0.005481872675027812},"Slope":{"confidence_interval":{"confidence_level":0.95,"lower_bound":24.26224982174917,"upper_bound":24.290394651167762},"point_estimate":24.27557316069623,"standard_error":0.00719172637642856},"StdDev":{"confidence_interval":{"confidence_level":0.95,"lower_bound":0.04477646256065214,"upper_bound":0.07279840074263076},"point_estimate":0.05903283471347278,"standard_error":0.007211793937147541}}