{"Mean":{"confidence_interval":{"confidence_level":0.95,"lower_bound":0.06242753708425963,"upper_bound":0.06293736642944134},"point_estimate":0.06271006193946049,"standard_error":0.00012926225615592728},"Median":{"confidence_interval":{"confidence_level":0.95,"lower_bound":0.06280819814517047,"upper_bound":0.06314490043596699},"point_estimate":0.06295211040948145,"standard_error":0.00008786902993450128}}