{"Mean":{"confidence_interval":{"confidence_level":0.95,"lower_bound":47.038415718149054,"upper_bound":48.46721926114603},"point_estimate":47.65188347261437,"standard_error":0.3689630067811904},"Median":{"confidence_interval":{"confidence_level":0.95,"lower_bound":46.83812181281505,"upper_bound":46.84655250095244},"point_estimate":46.841884039083126,"standard_error":0.0021594928473317437},"MedianAbsDev":{"confidence_interval":{"confidence_level":0.95,"lower_bound":0.009245055537825498,"upper_bound":0.019854329950667247},"point_estimate":0.01405150553320487,"standard_error":0.00255523716901794},"Slope":{"confidence_interval":{"confidence_level":0.95,"lower_bound":46.90872499774547,"upper_bound":47.49304704998761},"point_estimate":47.14953251725796,"standard_error":0.15114745066609733},"StdDev":{"confidence_interval":{"confidence_level":0.95,"lower_bound":1.1978521988968307,"upper_bound":5.710252743697167},"point_estimate":3.7107134914380175,"standard_error":1.188372559695177}}