{"Mean":{"confidence_interval":{"confidence_level":0.95,"lower_bound":21.097605847395485,"upper_bound":21.45966269681245},"point_estimate":21.241495737590498,"standard_error":0.09838879609862416},"Median":{"confidence_interval":{"confidence_level":0.95,"lower_bound":21.08916210374601,"upper_bound":21.10090765756168},"point_estimate":21.095605743195975,"standard_error":0.0028487978058871865},"MedianAbsDev":{"confidence_interval":{"confidence_level":0.95,"lower_bound":0.016378320664061436,"upper_bound":0.02910873992852575},"point_estimate":0.0218277185175584,"standard_error":0.003365673488469998},"Slope":{"confidence_interval":{"confidence_level":0.95,"lower_bound":21.09738531110884,"upper_bound":21.156816234765007},"point_estimate":21.12272217306887,"standard_error":0.015168036936081073},"StdDev":{"confidence_interval":{"confidence_level":0.95,"lower_bound":0.02758422865315096,"upper_bound":1.5609698163029448},"point_estimate":0.9858638927663659,"standard_error":0.4184881626853587}}