{"Mean":{"confidence_interval":{"confidence_level":0.95,"lower_bound":-0.021632109570806322,"upper_bound":0.009196801786723729},"point_estimate":-0.004805493428680974,"standard_error":0.007662325387282251},"Median":{"confidence_interval":{"confidence_level":0.95,"lower_bound":-0.003668482607810497,"upper_bound":-0.002857602532363668},"point_estimate":-0.003234173429253584,"standard_error":0.0002033589799352069}}