{"Mean":{"confidence_interval":{"confidence_level":0.95,"lower_bound":-0.018434525268432228,"upper_bound":-0.0014950517647901508},"point_estimate":-0.008284419133936849,"standard_error":0.004580422118268995},"Median":{"confidence_interval":{"confidence_level":0.95,"lower_bound":-0.0018064504079611768,"upper_bound":-0.0011497126695813042},"point_estimate":-0.0014647009424806345,"standard_error":0.00016634243715748115}}