{"Mean":{"confidence_interval":{"confidence_level":0.95,"lower_bound":0.0002984778971440841,"upper_bound":0.0013518308262685463},"point_estimate":0.0008232135214829572,"standard_error":0.000269520190245437},"Median":{"confidence_interval":{"confidence_level":0.95,"lower_bound":0.0006130929203782554,"upper_bound":0.0012510322078644887},"point_estimate":0.0008652348022872847,"standard_error":0.00015901389458625187}}