{"Mean":{"confidence_interval":{"confidence_level":0.95,"lower_bound":46.923989552620554,"upper_bound":46.98355153146035},"point_estimate":46.94981214789034,"standard_error":0.01526220965718364},"Median":{"confidence_interval":{"confidence_level":0.95,"lower_bound":46.93907000954464,"upper_bound":46.9529959270941},"point_estimate":46.94387817620782,"standard_error":0.004387408667666904},"MedianAbsDev":{"confidence_interval":{"confidence_level":0.95,"lower_bound":0.03635685531751737,"upper_bound":0.14561590777767242},"point_estimate":0.08050283691792005,"standard_error":0.032993794653414274},"Slope":{"confidence_interval":{"confidence_level":0.95,"lower_bound":46.967871918875936,"upper_bound":47.00422803338848},"point_estimate":46.98491155931819,"standard_error":0.009264652623506673},"StdDev":{"confidence_interval":{"confidence_level":0.95,"lower_bound":0.07881828980737869,"upper_bound":0.23228243379264496},"point_estimate":0.15271763102742317,"standard_error":0.047851450020528846}}