{"Mean":{"confidence_interval":{"confidence_level":0.95,"lower_bound":2888880.734632597,"upper_bound":2896559.278090144},"point_estimate":2892368.997672903,"standard_error":1972.5723828964121},"Median":{"confidence_interval":{"confidence_level":0.95,"lower_bound":2886317.281284607,"upper_bound":2887807.6923076925},"point_estimate":2887227.9317697226,"standard_error":393.89284546348216},"MedianAbsDev":{"confidence_interval":{"confidence_level":0.95,"lower_bound":3013.983389114114,"upper_bound":6099.160068871275},"point_estimate":4486.290497275446,"standard_error":810.7633324571902},"Slope":{"confidence_interval":{"confidence_level":0.95,"lower_bound":2888901.9865403404,"upper_bound":2901323.430021017},"point_estimate":2893528.0638392195,"standard_error":3371.5727422195137},"StdDev":{"confidence_interval":{"confidence_level":0.95,"lower_bound":11264.938828819093,"upper_bound":26941.391236927946},"point_estimate":19824.04941034631,"standard_error":4016.9085430774094}}