{"Mean":{"confidence_interval":{"confidence_level":0.95,"lower_bound":4265087.907699032,"upper_bound":4270652.878529675},"point_estimate":4267718.050126307,"standard_error":1419.5075113778462},"Median":{"confidence_interval":{"confidence_level":0.95,"lower_bound":4262458.536585365,"upper_bound":4265647.405660378},"point_estimate":4264198.261060974,"standard_error":781.2801916326705},"MedianAbsDev":{"confidence_interval":{"confidence_level":0.95,"lower_bound":4178.8901518027915,"upper_bound":6922.033642692723},"point_estimate":5520.504607873967,"standard_error":715.1935645810847},"Slope":{"confidence_interval":{"confidence_level":0.95,"lower_bound":4270029.037072187,"upper_bound":4281843.119730208},"point_estimate":4275988.422343727,"standard_error":3019.519197226436},"StdDev":{"confidence_interval":{"confidence_level":0.95,"lower_bound":10221.08543243674,"upper_bound":17492.87117606004},"point_estimate":14298.885619412531,"standard_error":1854.2489260647199}}