{"Mean":{"confidence_interval":{"confidence_level":0.95,"lower_bound":2952225.484014599,"upper_bound":2953655.861992623},"point_estimate":2952933.6698348676,"standard_error":363.8144306486182},"Median":{"confidence_interval":{"confidence_level":0.95,"lower_bound":2952002.7027027025,"upper_bound":2953659.375},"point_estimate":2952611.9860173007,"standard_error":427.3886704501993},"MedianAbsDev":{"confidence_interval":{"confidence_level":0.95,"lower_bound":2431.253514529046,"upper_bound":3748.2593065896986},"point_estimate":3036.7440158544264,"standard_error":336.58258413057723},"Slope":{"confidence_interval":{"confidence_level":0.95,"lower_bound":2952198.5072619477,"upper_bound":2953367.2100761053},"point_estimate":2952772.845869662,"standard_error":298.57630434441586},"StdDev":{"confidence_interval":{"confidence_level":0.95,"lower_bound":2816.756772999336,"upper_bound":4472.30947628205},"point_estimate":3657.57615429849,"standard_error":425.4062922962445}}