{"Mean":{"confidence_interval":{"confidence_level":0.95,"lower_bound":0.0015418208946605116,"upper_bound":0.002019529267668302},"point_estimate":0.0017821222930660685,"standard_error":0.0001213274041634628},"Median":{"confidence_interval":{"confidence_level":0.95,"lower_bound":0.0015297354833742785,"upper_bound":0.001935236523181949},"point_estimate":0.0017893214907462873,"standard_error":0.00010384470597855089}}