{"Mean":{"confidence_interval":{"confidence_level":0.95,"lower_bound":-0.0003404663626960597,"upper_bound":0.0004495048728034577},"point_estimate":0.00010704571155617515,"standard_error":0.00020363737870262937},"Median":{"confidence_interval":{"confidence_level":0.95,"lower_bound":0.0002362758824063782,"upper_bound":0.0005534763887165006},"point_estimate":0.0004098767780353896,"standard_error":0.00007989977188019774}}