{"Mean":{"confidence_interval":{"confidence_level":0.95,"lower_bound":-0.0003276016457729985,"upper_bound":0.00021166173077499228},"point_estimate":-0.00010913945260493385,"standard_error":0.00013947666728144427},"Median":{"confidence_interval":{"confidence_level":0.95,"lower_bound":-0.00038595168900035226,"upper_bound":-0.00006826021789374526},"point_estimate":-0.0002361380009838765,"standard_error":0.00007876508557498377}}