{"Mean":{"confidence_interval":{"confidence_level":0.95,"lower_bound":0.004541379395332945,"upper_bound":0.007788515383585187},"point_estimate":0.006361612640845005,"standard_error":0.0008360114892435236},"Median":{"confidence_interval":{"confidence_level":0.95,"lower_bound":0.007031259654706712,"upper_bound":0.007655892481593707},"point_estimate":0.007375186934909461,"standard_error":0.00016781192868469614}}