{"Mean":{"confidence_interval":{"confidence_level":0.95,"lower_bound":0.0005223658111452201,"upper_bound":0.0035166382896983594},"point_estimate":0.0017534547196760286,"standard_error":0.0007799415297424587},"Median":{"confidence_interval":{"confidence_level":0.95,"lower_bound":0.00009486927511203622,"upper_bound":0.00031497727935203557},"point_estimate":0.00017102133492929994,"standard_error":0.00005504806325769002}}