{"Mean":{"confidence_interval":{"confidence_level":0.95,"lower_bound":47.033483301110444,"upper_bound":47.98361567140536},"point_estimate":47.45687118103,"standard_error":0.24453497146562544},"Median":{"confidence_interval":{"confidence_level":0.95,"lower_bound":46.836341335202384,"upper_bound":46.842404987411584},"point_estimate":46.83888895692665,"standard_error":0.0013888772342967668},"MedianAbsDev":{"confidence_interval":{"confidence_level":0.95,"lower_bound":0.007549806324328807,"upper_bound":0.01444993211817683},"point_estimate":0.009514424401387054,"standard_error":0.001702750259040983},"Slope":{"confidence_interval":{"confidence_level":0.95,"lower_bound":46.958940167215694,"upper_bound":47.58456409237577},"point_estimate":47.22429017882239,"standard_error":0.1604691711222568},"StdDev":{"confidence_interval":{"confidence_level":0.95,"lower_bound":1.136786285506356,"upper_bound":3.4787682043580492},"point_estimate":2.4601862752830286,"standard_error":0.5959663923563133}}